head_node,tail_node,weight
"University of California, Los Angeles","University of California, Berkeley",3
"University of California, Los Angeles",Stony Brook University,1
"University of California, Los Angeles",University of North Carolina at Chapel Hill,2
"University of California, Los Angeles","University of California, San Diego",1
"University of California, Los Angeles",UCLA Graduate School of Education and Information Studies,2
"University of California, Los Angeles",University,2
"University of California, Los Angeles",Pepperdine University,2
"University of California, Los Angeles",Azerbaijan State Oil and Industry University,1
"University of California, Los Angeles",University of Illinois Urbana-Champaign,1
"University of California, Los Angeles",University of Texas at Austin,2
"University of California, Los Angeles",Massachusetts Institute of Technology,3
"University of California, Los Angeles",California Institute of Technology,1
"University of California, Los Angeles","University of California, Irvine",1
"University of California, Los Angeles",University of Virginia,2
"University of California, Los Angeles",University of Wisconsin–Madison,1
"University of California, Los Angeles",Northeastern University,1
"University of California, Los Angeles",KU Leuven,1
"University of California, Los Angeles","University of California, Los Angeles",11
"University of California, Los Angeles",Aarhus University,1
"University of California, Los Angeles",University of Calcutta,1
"University of California, Los Angeles",University of Bologna,1
"University of California, Los Angeles",Northwestern University,1
"University of California, Los Angeles",Peking University,1
"University of California, Los Angeles",Ben-Gurion University of the Negev,1
"University of California, Los Angeles",Indian Institute of Technology (BHU) Varanasi,1
"University of California, Los Angeles",Boston University,1
"University of California, Los Angeles",Cornell University,1
"University of California, Los Angeles",IIT Delhi,2
"University of California, Los Angeles",University of Science and Technology of China,1
"University of California, Los Angeles",University of Pennsylvania,1
"University of California, Los Angeles",University of Massachusetts Amherst,1
"University of California, Los Angeles",University of Pittsburgh,1
Stony Brook University,Binghamton University,1
Stony Brook University,Zhejiang University,1
Stony Brook University,State University of New York,1
Stony Brook University,Carnegie Mellon University,2
Stony Brook University,Peter the Great St. Petersburg Polytechnic University,1
Stony Brook University,Indian Institute of Science,1
Stony Brook University,IIT Delhi,1
University of North Carolina at Chapel Hill,"University of California, Los Angeles",1
University of North Carolina at Chapel Hill,Simon Fraser University,1
University of North Carolina at Chapel Hill,Cornell University,1
University of North Carolina at Chapel Hill,Carnegie Mellon University,1
University of North Carolina at Chapel Hill,Florida State University,1
University of North Carolina at Chapel Hill,"University of California, Berkeley",1
"University of California, San Diego",Hebrew University of Jerusalem,1
"University of California, San Diego","University of California, Berkeley",1
"University of California, San Diego","University of California, San Diego",5
"University of California, San Diego",Peking University,1
"University of California, San Diego",Massachusetts Institute of Technology,2
"University of California, San Diego",Ain Shams University,1
"University of California, San Diego",University of Colorado Boulder,1
"University of California, San Diego",Purdue University,1
"California State University, Northridge","University of California, Los Angeles",2
UCLA Graduate School of Education and Information Studies,"California State University, Northridge",2
University,"University of California, Los Angeles",2
University,Columbia University,1
University,"University of California, Berkeley",1
University,Stanford University,1
Pepperdine University,"University of California, Los Angeles",2
IIT Kanpur,Colvin Taluqdars' College,1
IIT Kanpur,Paris Diderot University,1
IIT Kanpur,"St. Peter's College, Agra",1
IIT Kanpur,Jadavpur University,1
IIT Kanpur,Duke University,1
"University of California, Berkeley",IIT Kanpur,2
"University of California, Berkeley",Stanford University,20
"University of California, Berkeley",Carnegie Mellon University,9
"University of California, Berkeley",Tsinghua University,2
"University of California, Berkeley","University of California, Berkeley",38
"University of California, Berkeley",Stony Brook University,1
"University of California, Berkeley",University of Washington,3
"University of California, Berkeley","University of Maryland, College Park",3
"University of California, Berkeley",Princeton University,4
"University of California, Berkeley",Massachusetts Institute of Technology,23
"University of California, Berkeley",University of Illinois Urbana-Champaign,5
"University of California, Berkeley",University of Texas at Austin,3
"University of California, Berkeley",Brown University,1
"University of California, Berkeley",Indian Institute of Science,1
"University of California, Berkeley",University of Waterloo,3
"University of California, Berkeley",University of Notre Dame,1
"University of California, Berkeley",University of Southern California,2
"University of California, Berkeley",Thomas Jefferson University,1
"University of California, Berkeley",Free University of Berlin,1
"University of California, Berkeley",Park University,1
"University of California, Berkeley",Private university,1
"University of California, Berkeley",Harvard University,5
"University of California, Berkeley",Cornell University,5
"University of California, Berkeley",University of Wisconsin–Madison,3
"University of California, Berkeley",Georgia Tech,1
"University of California, Berkeley","University of California, San Diego",1
"University of California, Berkeley","University of California, Los Angeles",3
"University of California, Berkeley",University of Utah,1
"University of California, Berkeley",École normale supérieure (Paris),1
"University of California, Berkeley",University of Cambridge,2
"University of California, Berkeley",Washington University in St. Louis,1
"University of California, Berkeley",Stanford Graduate School of Business,1
"University of California, Berkeley",University of Toronto,1
"University of California, Berkeley",Gymnasium (Germany),1
"University of California, Berkeley",Leipzig University,2
"University of California, Berkeley",Denison University,1
"University of California, Berkeley",University of the Amazon,1
"University of California, Berkeley","University of California, Irvine",1
"University of California, Berkeley",University of Liège,1
"University of California, Berkeley",Savitribai Phule Pune University,1
"University of California, Berkeley",Hebrew University of Jerusalem,1
"University of California, Berkeley",University of Crete,1
"University of California, Berkeley",University of Leeds,1
"University of California, Berkeley",Sharif University of Technology,2
"University of California, Berkeley",University of Colorado Boulder,1
"University of California, Berkeley",Rensselaer Polytechnic Institute,1
"University of California, Berkeley",San Joaquin Delta College,1
"University of California, Berkeley",Duke University,1
"University of California, Berkeley",Columbia University,1
"University of California, Berkeley",Max Planck Institute for Intelligent Systems,1
"University of California, Berkeley",University of Zurich,1
"University of California, Berkeley",National Technical University of Athens,1
"University of California, Berkeley",IIT Madras,1
"University of California, Berkeley",Ohio State University,1
"University of California, Berkeley",Vanderbilt University,1
"University of California, Berkeley",IIT Kharagpur,1
"University of California, Berkeley",Rice University,1
"University of California, Berkeley",University of Iowa,1
"University of California, Berkeley",University of Delaware,1
"University of California, Berkeley",National Taiwan University,1
"University of California, Berkeley",Arizona State University,2
"University of California, Berkeley",University of St. Thomas (Minnesota),1
"University of California, Berkeley",University of Padua,1
"University of California, Berkeley",California Institute of Technology,1
"University of California, Berkeley",ETH Zurich,1
"University of California, Berkeley",Federal University of Minas Gerais,1
"University of California, Berkeley",Fudan University,1
"University of California, Berkeley",Cranfield University,1
"University of California, Berkeley",Phillips University,1
"University of California, Berkeley",IIT Delhi,1
"University of California, Berkeley",Technical University of Kaiserslautern,1
"University of California, Berkeley",Technical University of Košice,1
Azerbaijan State Oil and Industry University,"University of California, Berkeley",1
University of Illinois Urbana-Champaign,Peking University,1
University of Illinois Urbana-Champaign,National Taiwan University,1
University of Illinois Urbana-Champaign,Tsinghua University,2
University of Illinois Urbana-Champaign,University of Southern California,2
University of Illinois Urbana-Champaign,University of Illinois Urbana-Champaign,26
University of Illinois Urbana-Champaign,University College Cork,1
University of Illinois Urbana-Champaign,"University of California, Berkeley",10
University of Illinois Urbana-Champaign,Technical University of Valencia,1
University of Illinois Urbana-Champaign,University of Science and Technology of China,1
University of Illinois Urbana-Champaign,Michigan State University,1
University of Illinois Urbana-Champaign,Massachusetts Institute of Technology,10
University of Illinois Urbana-Champaign,IIT Kanpur,1
University of Illinois Urbana-Champaign,Gjøvik University College,2
University of Illinois Urbana-Champaign,SRM Institute of Science and Technology,2
University of Illinois Urbana-Champaign,California Institute of Technology,1
University of Illinois Urbana-Champaign,Harvard University,1
University of Illinois Urbana-Champaign,Hangzhou Foreign Languages School,1
University of Illinois Urbana-Champaign,IIT Bombay,1
University of Illinois Urbana-Champaign,Purdue University,2
University of Illinois Urbana-Champaign,Zhejiang University,1
University of Illinois Urbana-Champaign,Palo Alto University,1
University of Illinois Urbana-Champaign,Pennsylvania State University,2
University of Illinois Urbana-Champaign,University of Wisconsin–Madison,3
University of Illinois Urbana-Champaign,"University of California, Los Angeles",3
University of Illinois Urbana-Champaign,University of Virginia,1
University of Illinois Urbana-Champaign,University at Buffalo,1
University of Illinois Urbana-Champaign,Brown University,2
University of Illinois Urbana-Champaign,University of Texas at Dallas,1
University of Illinois Urbana-Champaign,Texas A&M University,3
University of Illinois Urbana-Champaign,University of Illinois College of Law,1
University of Illinois Urbana-Champaign,Georgia Tech,3
University of Illinois Urbana-Champaign,Stanford University,6
University of Illinois Urbana-Champaign,Lancaster University,1
University of Illinois Urbana-Champaign,University of Nottingham,1
University of Illinois Urbana-Champaign,National University of Computer and Emerging Sciences,1
University of Illinois Urbana-Champaign,"University of California, San Diego",1
University of Illinois Urbana-Champaign,Arizona State University,3
University of Illinois Urbana-Champaign,Newcastle University,1
University of Illinois Urbana-Champaign,Johns Hopkins University,2
University of Illinois Urbana-Champaign,North Carolina State University,1
University of Illinois Urbana-Champaign,University of Minnesota,1
University of Illinois Urbana-Champaign,University of Pennsylvania,5
University of Illinois Urbana-Champaign,New York University,1
University of Illinois Urbana-Champaign,Carnegie Mellon University,2
University of Illinois Urbana-Champaign,"University of Maryland, College Park",1
University of Illinois Urbana-Champaign,Galvanize (software company),1
University of Illinois Urbana-Champaign,Louisiana State University,2
University of Illinois Urbana-Champaign,University of Illinois Chicago,1
University of Illinois Urbana-Champaign,Rice University,1
University of Illinois Urbana-Champaign,University of Chicago,1
University of Illinois Urbana-Champaign,Harvey Mudd College,1
University of Illinois Urbana-Champaign,University of Michigan,2
University of Illinois Urbana-Champaign,New Jersey Institute of Technology,1
University of Illinois Urbana-Champaign,Stony Brook University,1
University of Illinois Urbana-Champaign,Oklahoma State University–Stillwater,1
University of Illinois Urbana-Champaign,IIT Madras,1
University of Illinois Urbana-Champaign,University of Texas at Austin,1
University of Illinois Urbana-Champaign,Duke University,2
University of Illinois Urbana-Champaign,University of the Amazon,1
University of Illinois Urbana-Champaign,Haldia Institute of Technology,1
University of Illinois Urbana-Champaign,Iowa State University,1
University of Illinois Urbana-Champaign,University of Colorado Boulder,1
University of Illinois Urbana-Champaign,Rensselaer Polytechnic Institute,1
University of Illinois Urbana-Champaign,Yale University,1
University of Illinois Urbana-Champaign,IIT Guwahati,1
University of Illinois Urbana-Champaign,University of Washington,1
University of Texas at Austin,IIT Madras,3
University of Texas at Austin,University of Washington,1
University of Texas at Austin,University of Utah,1
University of Texas at Austin,University of Texas at Austin,6
University of Texas at Austin,University of Science and Technology of China,1
University of Texas at Austin,Tsinghua University,3
University of Texas at Austin,IIT Kanpur,2
University of Texas at Austin,Stony Brook University,1
University of Texas at Austin,University of Texas at San Antonio,1
University of Texas at Austin,Johannes Kepler University Linz,1
University of Texas at Austin,University of Cambridge,1
University of Texas at Austin,"Birla Institute of Technology and Science, Pilani",1
University of Texas at Austin,University of Tübingen,1
University of Texas at Austin,École des ponts ParisTech,1
University of Texas at Austin,University of Missouri,1
Massachusetts Institute of Technology,"University of California, Los Angeles",2
Massachusetts Institute of Technology,Boston University,2
Massachusetts Institute of Technology,"University of California, Irvine",1
Massachusetts Institute of Technology,Massachusetts Institute of Technology,76
Massachusetts Institute of Technology,Weizmann Institute of Science,2
Massachusetts Institute of Technology,Evergreen State College,1
Massachusetts Institute of Technology,Northwestern University,1
Massachusetts Institute of Technology,Brown University,3
Massachusetts Institute of Technology,"University of California, Berkeley",26
Massachusetts Institute of Technology,University of Cambridge,7
Massachusetts Institute of Technology,University of Rochester,2
Massachusetts Institute of Technology,California Institute of Technology,3
Massachusetts Institute of Technology,Stanford University,25
Massachusetts Institute of Technology,Seoul National University,1
Massachusetts Institute of Technology,Carnegie Mellon University,2
Massachusetts Institute of Technology,The New School,1
Massachusetts Institute of Technology,University of Southern California,2
Massachusetts Institute of Technology,Cornell University,2
Massachusetts Institute of Technology,Peking University,1
Massachusetts Institute of Technology,University of Michigan,3
Massachusetts Institute of Technology,University of Utah,1
Massachusetts Institute of Technology,Imperial College London,1
Massachusetts Institute of Technology,Technion – Israel Institute of Technology,2
Massachusetts Institute of Technology,"University of California, Santa Barbara",1
Massachusetts Institute of Technology,Harvard University,9
Massachusetts Institute of Technology,University of Pennsylvania,1
Massachusetts Institute of Technology,University of Illinois Urbana-Champaign,8
Massachusetts Institute of Technology,Tsinghua University,2
Massachusetts Institute of Technology,Amador Valley High School,1
Massachusetts Institute of Technology,IIT Bombay,1
Massachusetts Institute of Technology,Columbia University,2
Massachusetts Institute of Technology,IIT Delhi,2
Massachusetts Institute of Technology,Rice University,4
Massachusetts Institute of Technology,University of Massachusetts Amherst,2
Massachusetts Institute of Technology,Indian Institute of Science,1
Massachusetts Institute of Technology,Cooper Union,1
Massachusetts Institute of Technology,Dartmouth College,2
Massachusetts Institute of Technology,Yale University,4
Massachusetts Institute of Technology,American University of Beirut,1
Massachusetts Institute of Technology,MIT Sloan School of Management,1
Massachusetts Institute of Technology,Kyushu University,1
Massachusetts Institute of Technology,IIT Madras,2
Massachusetts Institute of Technology,University of Toronto,1
Massachusetts Institute of Technology,University of Waterloo,3
Massachusetts Institute of Technology,Princeton University,2
Massachusetts Institute of Technology,University of Regina,1
Massachusetts Institute of Technology,Harvard Medical School,1
Massachusetts Institute of Technology,University of Texas at Austin,1
Massachusetts Institute of Technology,Johnson University,1
Massachusetts Institute of Technology,Johns Hopkins University,1
Massachusetts Institute of Technology,Michigan State University,1
Massachusetts Institute of Technology,Harvard–MIT Program in Health Sciences and Technology,1
Massachusetts Institute of Technology,University of Delaware,2
Massachusetts Institute of Technology,University of Michigan College of Engineering,1
Massachusetts Institute of Technology,Lincoln-Sudbury Regional High School,1
Massachusetts Institute of Technology,Belmont High School (Massachusetts),1
Massachusetts Institute of Technology,New York University,1
Massachusetts Institute of Technology,Purdue University,1
Massachusetts Institute of Technology,National Technical University of Athens,1
Massachusetts Institute of Technology,Georgia Tech,1
Massachusetts Institute of Technology,Northeastern University,1
Massachusetts Institute of Technology,"University of Maryland, Baltimore County",1
Massachusetts Institute of Technology,Nanyang Technological University,1
Massachusetts Institute of Technology,École Polytechnique Fédérale de Lausanne,1
Massachusetts Institute of Technology,University of Moratuwa,2
Massachusetts Institute of Technology,Berklee College of Music,1
Massachusetts Institute of Technology,KAIST,1
Massachusetts Institute of Technology,Smith College,1
Massachusetts Institute of Technology,"University of California, San Diego",1
Massachusetts Institute of Technology,Polytechnique Montréal,1
Massachusetts Institute of Technology,Saxion University of Applied Sciences,1
Massachusetts Institute of Technology,Air Force Institute of Technology,1
Boston University,University at Buffalo,1
Boston University,"University of Maryland, College Park",1
Boston University,Harvey Mudd College,1
Boston University,University of Wisconsin–Madison,1
Boston University,University of Michigan,1
Boston University,Rensselaer Polytechnic Institute,1
Boston University,Washington University in St. Louis,1
California Institute of Technology,University of Padua,1
California Institute of Technology,California Institute of Technology,6
California Institute of Technology,Qassim University,1
California Institute of Technology,Massachusetts Institute of Technology,7
California Institute of Technology,University of Illinois Urbana-Champaign,2
California Institute of Technology,University of Chicago,1
California Institute of Technology,ETH Zurich,1
California Institute of Technology,Stanford University,2
California Institute of Technology,University of Oxford,2
California Institute of Technology,Harvard University,1
California Institute of Technology,Princeton University,2
California Institute of Technology,"University of California, Berkeley",3
California Institute of Technology,Georgia Tech,1
California Institute of Technology,University of Texas at Austin,1
California Institute of Technology,Technion – Israel Institute of Technology,1
California Institute of Technology,"University of California, Irvine",1
California Institute of Technology,Palo Alto High School,1
California Institute of Technology,University College London,1
California Institute of Technology,University of Southern California,1
California Institute of Technology,Cornell University,1
California Institute of Technology,IIT Kharagpur,1
Georgetown University,"University of California, Los Angeles",1
Georgetown University,Cornell University,1
Georgetown University,Brown University,1
Ohio State University,East China Normal University,1
Ohio State University,Ohio State University,1
Ohio State University,IIT Kanpur,1
Ohio State University,Massachusetts Institute of Technology,1
Ohio State University,University of Electronic Science and Technology of China,1
"University of California, Irvine",Ohio State University,1
"University of California, Irvine","University of California, Irvine",3
"University of California, Irvine",Johns Hopkins University,1
"University of California, Irvine",United States Naval Academy,1
"University of California, Irvine",University of Illinois Urbana-Champaign,1
"University of California, Irvine",Cornell University,1
"University of California, Irvine",Brown University,1
National Taiwan University,National Taiwan University,1
University of Virginia,University of Illinois Urbana-Champaign,1
University of Virginia,Princeton University,1
University of Virginia,Capital University,1
University of Virginia,Bangladesh University of Engineering and Technology,2
University of Virginia,University of Virginia,1
University of Virginia,University of Chicago,1
University of Virginia,Carleton College,1
University of Washington,KAIST,1
University of Washington,Massachusetts Institute of Technology,5
University of Washington,Cornell University,3
University of Washington,Colby College,1
University of Washington,Wright State University,1
University of Washington,University of Arizona,2
University of Washington,Pomona College,1
University of Washington,University of Washington,9
University of Washington,Tel Aviv University,1
University of Washington,Rice University,1
University of Washington,University of Texas at Austin,2
University of Washington,Tufts University,1
University of Washington,Carnegie Mellon University,7
University of Washington,Sonoma State University,1
University of Washington,University of Illinois Urbana-Champaign,5
University of Washington,University of Chicago,1
University of Washington,University of Pennsylvania,1
University of Washington,University of Toledo,1
University of Washington,Case Western Reserve University,1
University of Washington,University of Iowa,1
University of Washington,Sogang University,1
University of Washington,Oregon Health & Science University,1
University of Washington,Stanford University,4
University of Washington,IIT Delhi,1
University of Washington,Georgia Tech,1
University of Washington,"University of California, Davis",1
University of Washington,"University of California, Berkeley",3
University of Washington,University of Bonn,1
University of Washington,Princeton University,1
University of Washington,"University of California, San Diego",3
University of Washington,Yale University,1
University of Washington,University of Rochester,1
University of Washington,Harvard Medical School,1
University of Washington,"University of California, Santa Cruz",1
University of Washington,Harvard University,2
University of Washington,Texas Tech University,1
University of Minnesota,University of Minnesota,1
University of Minnesota,Northwestern University,1
University of Minnesota,University of Illinois Urbana-Champaign,1
University of Wisconsin–Madison,University of Minnesota,1
University of Wisconsin–Madison,Georgia Tech,3
University of Wisconsin–Madison,"University of California, Berkeley",4
University of Wisconsin–Madison,Duquesne University,1
University of Wisconsin–Madison,Wang Institute of Graduate Studies,1
University of Wisconsin–Madison,University of Illinois Urbana-Champaign,1
University of Wisconsin–Madison,Duke University,2
University of Wisconsin–Madison,University of North Carolina at Chapel Hill,1
University of Wisconsin–Madison,University of Wisconsin–Madison,4
University of Wisconsin–Madison,Truman State University,1
University of Wisconsin–Madison,University of Pittsburgh,1
University of Wisconsin–Madison,University of Louisville,1
University of Wisconsin–Madison,Uniformed Services University of the Health Sciences,1
University of Wisconsin–Madison,University of Chicago,2
University of Wisconsin–Madison,IIT Bombay,1
University of Wisconsin–Madison,Tufts University,1
KU Leuven,KU Leuven,3
Stanford University,IIT Delhi,1
Stanford University,Tsinghua University,2
Stanford University,University of Texas at Austin,2
Stanford University,University of Washington,2
Stanford University,University of Cambridge,1
Stanford University,Stanford University,40
Stanford University,Cornell University,9
Stanford University,University of Colorado Boulder,1
Stanford University,National Technical University of Athens,1
Stanford University,Supélec,1
Stanford University,"University of California, Los Angeles",2
Stanford University,"University of California, Berkeley",20
Stanford University,University of Pennsylvania,1
Stanford University,Yale University,1
Stanford University,University of Erlangen–Nuremberg,2
Stanford University,Harvard University,9
Stanford University,Georgetown University,1
Stanford University,University of Virginia,1
Stanford University,Ghent University,1
Stanford University,Massachusetts Institute of Technology,22
Stanford University,IIT Kharagpur,1
Stanford University,Thompson Rivers University,1
Stanford University,Saratoga High School (California),1
Stanford University,Carnegie Mellon University,8
Stanford University,École Polytechnique,2
Stanford University,University of Oxford,2
Stanford University,University of Illinois Urbana-Champaign,2
Stanford University,Weizmann Institute of Science,1
Stanford University,IIT Bombay,4
Stanford University,Technion – Israel Institute of Technology,2
Stanford University,Slovak University of Technology in Bratislava,1
Stanford University,Columbia University,2
Stanford University,University of Edinburgh,1
Stanford University,University of Amsterdam,1
Stanford University,New York University,2
Stanford University,University of Arizona,1
Stanford University,University of Southern California,2
Stanford University,Princeton University,2
Stanford University,California Institute of Technology,1
Stanford University,Troy University,1
Stanford University,Australian National University,1
Stanford University,University of Sydney,1
Stanford University,Dartmouth College,1
Stanford University,McGill University,2
Stanford University,University of Michigan,4
Stanford University,Clarkson University,2
Stanford University,IIT Kanpur,2
Stanford University,Brigham Young University,2
Stanford University,University of British Columbia,1
Stanford University,Wellesley College,1
Stanford University,University of North Carolina at Chapel Hill,1
Stanford University,Stanford University School of Medicine,1
Stanford University,Palo Alto University,1
Stanford University,Technical University of Munich,1
Stanford University,Colorado School of Mines,1
Stanford University,Flinders University,1
Stanford University,Sharif University of Technology,1
Stanford University,Brown University,3
Stanford University,University of Navarra,1
Stanford University,IIT Madras,1
Stanford University,Max Planck Institute for Informatics,1
Stanford University,University of São Paulo,1
Stanford University,Lehigh University,1
Stanford University,Seoul National University,1
Stanford University,Case Western Reserve University,1
Cornell University,"University of California, Los Angeles",1
Cornell University,Stanford University,6
Cornell University,IIT Kanpur,1
Cornell University,University of Michigan,1
Cornell University,University of Southern California,2
Cornell University,Cornell University,11
Cornell University,Carnegie Mellon University,7
Cornell University,"University of California, Berkeley",7
Cornell University,University of the Amazon,1
Cornell University,University of Chicago,2
Cornell University,Yale University,1
Cornell University,New York University,1
Cornell University,University of Southern Denmark,1
Cornell University,Harvard University,4
Cornell University,Dartmouth College,2
Cornell University,University of Washington,5
Cornell University,University of Toronto,1
Cornell University,Lexington High School (Massachusetts),1
Cornell University,Princeton University,3
Cornell University,"University of Maryland, College Park",1
Cornell University,University of Massachusetts Amherst,1
Cornell University,Massachusetts Institute of Technology,4
Cornell University,Georgia Tech,2
Cornell University,Eötvös Loránd University,1
Cornell University,University of Pennsylvania,1
Cornell University,University of Illinois Urbana-Champaign,1
Cornell University,Rutgers University,1
Cornell University,Technical University of Dortmund,1
Cornell University,Washington University in St. Louis,3
Cornell University,California Institute of Technology,1
Cornell University,Reichman University,1
Cornell University,Tsinghua University,1
Cornell University,Purdue University,1
Cornell University,University of Texas at Austin,1
Cornell University,University of Padua,1
Cornell University,University of New South Wales,1
Cornell University,IIT Madras,2
Cornell University,University of North Carolina at Chapel Hill,1
Cornell University,University of Florida,2
Cornell University,United States Navy Strike Fighter Tactics Instructor program,1
Cornell University,Moscow Institute of Physics and Technology,1
Cornell University,Columbia University,1
Cornell University,University of New Mexico,1
Cornell University,Ithaca College,1
Cornell University,Brown University,1
Cornell University,University of Oxford,1
Tsinghua University,Tsinghua University,5
Tsinghua University,Columbia University,1
Tsinghua University,High School Affiliated to Fudan University,1
Tsinghua University,Huazhong University of Science and Technology,1
Tsinghua University,Northwestern University,1
Tsinghua University,"University of California, Berkeley",1
Princeton University,University of Illinois Urbana-Champaign,2
Princeton University,Massachusetts Institute of Technology,8
Princeton University,University of Toronto,1
Princeton University,National University of Singapore,1
Princeton University,Moscow State University,2
Princeton University,Middle East Technical University,1
Princeton University,University of Massachusetts Amherst,1
Princeton University,University of Pennsylvania,1
Princeton University,Peking University,1
Princeton University,Champlain Valley Union High School,1
Princeton University,University of Science and Technology of China,1
Princeton University,Princeton University,7
Princeton University,Bronx High School of Science,1
Princeton University,University of Texas at Austin,1
Princeton University,Brown University,2
Princeton University,Georgia Tech,1
Princeton University,"University of Maryland, College Park",1
Princeton University,Harvard University,4
Princeton University,Wesleyan University,1
Princeton University,Stanford University,8
Princeton University,Duke University,1
Princeton University,Rice University,2
Princeton University,Columbia University,2
Princeton University,Swarthmore College,1
Princeton University,IIT Bombay,1
Princeton University,University of Ottawa,1
Princeton University,University of Wisconsin–Madison,1
Princeton University,University of Tokyo,1
Princeton University,Yale University,1
Princeton University,Chinese University of Hong Kong,1
Princeton University,Chadron State College,1
Princeton University,"University of California, Berkeley",4
Princeton University,California Institute of Technology,1
Princeton University,West Springfield High School (Virginia),1
Princeton University,North Carolina A&T State University,1
Princeton University,Cooper Union,1
University of Bologna,University of Bologna,2
University of Bologna,Sorbonne University,1
Sorbonne University,"University of California, Los Angeles",1
Columbia University,Stanford University,5
Columbia University,Columbia University,14
Columbia University,Carnegie Mellon University,4
Columbia University,École normale supérieure (Paris),1
Columbia University,"University of California, Berkeley",1
Columbia University,University of Massachusetts Amherst,1
Columbia University,University of Pennsylvania,6
Columbia University,Yale University,1
Columbia University,Duke University,2
Columbia University,Northwestern Health Sciences University,1
Columbia University,Ohio University,1
Columbia University,University of Texas at Austin,1
Columbia University,"University of California, Davis",1
Columbia University,North Carolina A&T State University,1
Columbia University,Princeton University,4
Columbia University,Northeastern University,1
Columbia University,University of the Amazon,1
Columbia University,Saarland University,2
Columbia University,École Polytechnique Fédérale de Lausanne,1
Columbia University,University of Orléans,1
Columbia University,Massachusetts Institute of Technology,1
Columbia University,University of Chicago,1
Columbia University,University of Cambridge,1
Columbia University,"University of California, Santa Barbara",1
Columbia University,California Institute of Technology,1
Columbia University,Harvard University,1
Columbia University,Fu Foundation School of Engineering and Applied Science,1
Columbia University,Cornell University,2
Columbia University,Stony Brook University,2
Columbia University,Sharif University of Technology,1
University of Utah,Jadavpur University,1
University of Utah,École Polytechnique Fédérale de Lausanne,1
University of Utah,Cornell University,1
University of Utah,University of Pennsylvania,1
IIT Bombay,Campion College,1
IIT Bombay,IIT Kharagpur,1
IIT Bombay,Kendriya Vidyalaya,2
IIT Bombay,IIT Bombay,1
University of Massachusetts Amherst,IIT Bombay,1
University of Massachusetts Amherst,University of Cincinnati,1
University of Massachusetts Amherst,Swarthmore College,1
University of Massachusetts Amherst,National and Kapodistrian University of Athens,1
University of Massachusetts Amherst,Aalto University,1
University of Massachusetts Amherst,University of Edinburgh,2
University of Massachusetts Amherst,University of Massachusetts Amherst,2
Grand Valley State University,University,1
KTH Royal Institute of Technology,Columbia University,1
KTH Royal Institute of Technology,Chalmers University of Technology,1
KTH Royal Institute of Technology,KTH Royal Institute of Technology,1
Carnegie Mellon University,"University of California, Berkeley",10
Carnegie Mellon University,Zhejiang University,1
Carnegie Mellon University,Carnegie Mellon University,31
Carnegie Mellon University,Maret School,1
Carnegie Mellon University,University of Rochester,1
Carnegie Mellon University,University of Wisconsin–Madison,2
Carnegie Mellon University,University of North Carolina at Chapel Hill,1
Carnegie Mellon University,Massachusetts Institute of Technology,13
Carnegie Mellon University,University of Richmond,1
Carnegie Mellon University,IIT Madras,2
Carnegie Mellon University,Princeton University,4
Carnegie Mellon University,California Institute of Technology,3
Carnegie Mellon University,Stony Brook University,2
Carnegie Mellon University,University of Toronto,3
Carnegie Mellon University,Georgia Tech,3
Carnegie Mellon University,University of Washington,2
Carnegie Mellon University,Olin College,2
Carnegie Mellon University,University of Chicago,1
Carnegie Mellon University,University of Pittsburgh,1
Carnegie Mellon University,Clemson University,1
Carnegie Mellon University,Watchung Hills Regional High School,1
Carnegie Mellon University,University of Michigan,1
Carnegie Mellon University,University of Massachusetts Amherst,1
Carnegie Mellon University,Johannes Kepler University Linz,2
Carnegie Mellon University,Stanford University,7
Carnegie Mellon University,Bilkent University,1
Carnegie Mellon University,École Polytechnique Fédérale de Lausanne,1
Carnegie Mellon University,Pennsylvania State University,1
Carnegie Mellon University,"University of California, Los Angeles",1
Carnegie Mellon University,Chatham University,1
Carnegie Mellon University,University of Texas at Austin,2
Carnegie Mellon University,McGill University,1
Carnegie Mellon University,Arcadia University,1
Carnegie Mellon University,University of Edinburgh,1
Carnegie Mellon University,Columbia University,2
Carnegie Mellon University,Case Western Reserve University,1
Carnegie Mellon University,Brescia University,1
Carnegie Mellon University,University of Pennsylvania,2
Carnegie Mellon University,Simon Fraser University,1
Carnegie Mellon University,University of Oxford,1
Carnegie Mellon University,Boston University,1
Carnegie Mellon University,Tufts University,1
Carnegie Mellon University,University of Waterloo,2
Carnegie Mellon University,University of Ljubljana,1
Carnegie Mellon University,Cornell University,3
Carnegie Mellon University,University of British Columbia,1
Carnegie Mellon University,Brown University,2
Carnegie Mellon University,Harvard University,1
Carnegie Mellon University,Yale University,2
Carnegie Mellon University,Emmaus High School,1
Carnegie Mellon University,University of Virginia,1
Carnegie Mellon University,Tsinghua University,3
Carnegie Mellon University,Northwestern University,2
Carnegie Mellon University,Virginia Tech,1
Rutgers University,"University of California, San Diego",1
Rutgers University,Stanford University,1
Rutgers University,Ruhr University Bochum,1
Rutgers University,"University of Maryland, College Park",1
Rutgers University,University of Pennsylvania,1
Rutgers University,Northwestern University,1
Rutgers University,Duke University,1
University of Pennsylvania,Rutgers University,3
University of Pennsylvania,Brown University,1
University of Pennsylvania,Toyota Technological Institute at Chicago,1
University of Pennsylvania,University of Cambridge,1
University of Pennsylvania,Stanford University,3
University of Pennsylvania,University of Oxford,1
University of Pennsylvania,Yeshiva University,2
University of Pennsylvania,University of Pennsylvania,16
University of Pennsylvania,"University at Albany, SUNY",1
University of Pennsylvania,Columbia University,4
University of Pennsylvania,Cornell University,2
University of Pennsylvania,"University of California, Los Angeles",2
University of Pennsylvania,University of Washington,3
University of Pennsylvania,University of Wisconsin–Madison,3
University of Pennsylvania,Massachusetts Institute of Technology,6
University of Pennsylvania,Pennsylvania State University,1
University of Pennsylvania,Harvard University,2
University of Pennsylvania,Karlsruhe Institute of Technology,1
University of Pennsylvania,National and Kapodistrian University of Athens,1
University of Pennsylvania,Carnegie Mellon University,2
University of Pennsylvania,George Washington University,1
University of Pennsylvania,Wharton School of the University of Pennsylvania,1
University of Pennsylvania,"University of California, Berkeley",1
University of Pennsylvania,Staples High School,1
University of Pennsylvania,Ridgewood High School (New Jersey),1
University of Pennsylvania,Georgia Tech,2
University of Pennsylvania,Saarland University,1
University of Pennsylvania,Vanderbilt University,1
University of Pennsylvania,Northeastern University,1
University of Pennsylvania,Yale University,1
University of Pennsylvania,National University of Singapore,2
University of Pennsylvania,High School Affiliated to Fudan University,1
University of Pennsylvania,Drexel University,1
University of Pennsylvania,Boston College,1
University of Pennsylvania,Johns Hopkins University,2
University of Pennsylvania,Czech Technical University in Prague,1
University of Pennsylvania,Northwestern University,1
University of Pennsylvania,Virginia Tech,1
University of Pennsylvania,"University of Maryland, College Park",1
University of Pennsylvania,Stevens Institute of Technology,1
University of Pennsylvania,IIT Delhi,1
University of Pennsylvania,"University of California, Santa Barbara",1
University of Pennsylvania,Ohio State University,1
University of Pennsylvania,University of Colorado Boulder,1
University of Pennsylvania,Stony Brook University,1
University of Pennsylvania,Duke University,1
University of Pennsylvania,University of Toronto,1
University of Pennsylvania,"Teachers College, Columbia University",1
University of Pennsylvania,Princeton University,2
University of Pennsylvania,North Carolina A&T State University,1
University of Pennsylvania,National Technical University of Athens,1
University of Pennsylvania,IIT Kanpur,2
University of Pennsylvania,Michigan State University,1
University of Pennsylvania,University of Belgrade,1
University of Pennsylvania,Technical University of Madrid,1
University of Pennsylvania,University of Waterloo,1
University of Pennsylvania,Siena College,1
University of Pennsylvania,University of Iowa,1
University of Pennsylvania,University of Edinburgh,2
University of Pennsylvania,Humboldt University of Berlin,1
University of Pennsylvania,Portland State University,1
Yale University,Tsinghua University,1
Yale University,National Taiwan University,1
Yale University,Duke University,1
Yale University,Yale University,3
Yale University,Stanford University,3
Yale University,Peking University,1
Yale University,University of Wisconsin–Madison,1
Yale University,Georgia Tech,1
Yale University,École Polytechnique Fédérale de Lausanne,1
Yale University,University of Texas at Austin,2
Yale University,Massachusetts Institute of Technology,2
Yale University,Princeton University,1
Yale University,University of Michigan,1
Yale University,"University of Maryland, College Park",1
Yale University,McGill University,1
Yale University,Williams College,1
Yale University,"University of California, Berkeley",2
Yale University,Hachinohe Gakuin University,1
Yale University,Stony Brook University,1
Yale University,University of Mainz,1
Yale University,University of Science and Technology of China,1
Yale University,Banaras Hindu University,1
Yale University,University of Washington,1
Duke University,Dalian University of Technology,1
Duke University,Indiana University Bloomington,1
Duke University,Rice University,2
Duke University,Stanford University,5
Duke University,Stevens Institute of Technology,1
Duke University,Boston University,1
Duke University,Duke University,12
Duke University,University of Pittsburgh,2
Duke University,Dartmouth College,2
Duke University,Princeton University,3
Duke University,Massachusetts Institute of Technology,5
Duke University,Columbia University,1
Duke University,Central China Normal University,1
Duke University,University of Virginia,1
Duke University,"University of Maryland, College Park",1
Duke University,Carnegie Mellon University,2
Duke University,University of Wisconsin–Madison,2
Duke University,"University of California, Berkeley",2
Duke University,Harvard University,1
Duke University,University of Washington,1
Duke University,Washington University in St. Louis,1
Duke University,University of Pennsylvania,3
Duke University,"University of California, Santa Cruz",1
Duke University,University of Oxford,1
Duke University,University of Rochester,1
Duke University,University,1
Duke University,University of North Carolina at Chapel Hill,1
Duke University,University of Illinois Urbana-Champaign,2
Duke University,Missouri University of Science and Technology,1
Duke University,Northwestern University,1
Duke University,Brown University,1
Northwestern Health Sciences University,Columbia University,1
Northwestern Health Sciences University,Northwestern University,1
Imperial College London,University of Cambridge,1
Imperial College London,EOI Business School,1
Imperial College London,Federal University of Minas Gerais,1
University of Cambridge,Imperial College London,1
University of Cambridge,University of Virginia,1
University of Cambridge,Williams College,2
University of Cambridge,Columbia University,1
University of Cambridge,Harvard University,2
University of Cambridge,University of Cambridge,1
University of Cambridge,Rice University,1
University of Cambridge,Yale University,1
University of Cambridge,Massachusetts Institute of Technology,2
University of Cambridge,University College London,1
University of Cambridge,University of Nottingham,1
Ohio University,Massachusetts Institute of Technology,1
"University of California, Davis",Carnegie Mellon University,1
North Carolina A&T State University,University of Massachusetts Amherst,1
North Carolina A&T State University,Massachusetts Institute of Technology,1
North Carolina A&T State University,"University of California, Berkeley",1
North Carolina A&T State University,University of Michigan,1
London School of Economics,Stanford University,1
Northeastern University,London School of Economics,1
Northeastern University,Rice University,1
Northeastern University,University of Chicago,1
Northeastern University,"University of California, Berkeley",1
Northeastern University,University of Illinois Urbana-Champaign,1
Northeastern University,Stanford University,1
University of the Amazon,"University of California, San Diego",1
University of the Amazon,Vrije Universiteit Amsterdam,1
University of the Amazon,Cornell University,1
University of the Amazon,Johns Hopkins University,1
University of the Amazon,University of the Amazon,1
University of the Amazon,Carnegie Mellon University,1
University of the Amazon,Horace H. Rackham School of Graduate Studies,1
University of the Amazon,Brown University,1
Weizmann Institute of Science,Bar-Ilan University,1
Weizmann Institute of Science,Technion – Israel Institute of Technology,2
Weizmann Institute of Science,Weizmann Institute of Science,2
Weizmann Institute of Science,Carnegie Mellon University,1
Weizmann Institute of Science,Hebrew University of Jerusalem,1
University of Chicago,North Carolina A&T State University,1
University of Chicago,Northeastern University,1
University of Chicago,Yale University,3
University of Chicago,Tel Aviv University,1
University of Chicago,"University of California, Berkeley",1
University of Chicago,University of Wisconsin–Madison,3
University of Chicago,University of Chicago,5
University of Chicago,Victoria University of Wellington,1
University of Chicago,Massachusetts Institute of Technology,3
University of Chicago,University of Deusto,2
University of Chicago,"California Polytechnic State University, San Luis Obispo",1
University of Chicago,University of Utah,1
University of Chicago,KTH Royal Institute of Technology,1
University of Chicago,Princeton University,4
University of Chicago,University of Edinburgh,1
University of Chicago,University of Colorado Boulder,1
University of Chicago,"University of Maryland, College Park",1
University of Chicago,University of Toronto,1
University of Chicago,Johns Hopkins University,1
University of Chicago,Brown University,1
University of Chicago,Cornell University,1
University of Chicago,Kindai University,1
University of Chicago,California Institute of Technology,1
University of Chicago,University of San Francisco,1
University of Chicago,DePaul University,1
University of Chicago,University of Notre Dame,1
University of Chicago,University of Illinois Urbana-Champaign,1
University of Chicago,Stanford University,1
Saarland University,Osnabrück University,1
Saarland University,Columbia University,1
Saarland University,University of Zagreb,1
Saarland University,Princeton University,1
Saarland University,Saarland University,1
Harvard University,University of Patras,1
Harvard University,Georgia Tech,2
Harvard University,Coastal Carolina University,1
Harvard University,Polytechnic University of Milan,1
Harvard University,University of Southern Denmark,1
Harvard University,University of Toronto,1
Harvard University,Carnegie Mellon University,1
Harvard University,Princeton University,3
Harvard University,University of Cambridge,1
Harvard University,Hong Kong University of Science and Technology,1
Harvard University,Harvard University,3
Harvard University,"University of California, Berkeley",6
Harvard University,Cornell University,2
Harvard University,Syracuse University,1
Harvard University,Stanford University,3
Harvard University,Claremont McKenna College,1
Harvard University,University of Washington,1
Harvard University,University of Oxford,1
Harvard University,Cranfield University,1
Harvard University,Harvard Medical School,1
Harvard University,University of Illinois Urbana-Champaign,1
Harvard University,University College London,1
Harvard University,Weizmann Institute of Science,1
Harvard University,Delft University of Technology,1
Harvard University,La Roche University,1
Harvard University,Lawrenceville School,1
École Polytechnique Fédérale de Lausanne,Harvard University,1
École Polytechnique Fédérale de Lausanne,Carnegie Mellon University,1
École Polytechnique Fédérale de Lausanne,Saarland University,1
École Polytechnique Fédérale de Lausanne,École Polytechnique Fédérale de Lausanne,4
École Polytechnique Fédérale de Lausanne,University of Miami,1
École Polytechnique Fédérale de Lausanne,University of Utah,1
École Polytechnique Fédérale de Lausanne,Arcadia University,1
École Polytechnique Fédérale de Lausanne,Stanford University,1
École Polytechnique Fédérale de Lausanne,University of Tehran,1
École Polytechnique Fédérale de Lausanne,Massachusetts Institute of Technology,1
École Polytechnique Fédérale de Lausanne,École des ponts ParisTech,1
Symbiosis International University,Columbia University,1
University of Orléans,University of Orléans,1
University of Orléans,French Institute for Research in Computer Science and Automation,1
French Institute for Research in Computer Science and Automation,University of Orléans,1
"University of Maryland, College Park",Tongji University,1
"University of Maryland, College Park","University of Maryland, College Park",8
"University of Maryland, College Park",Cornell University,2
"University of Maryland, College Park",Santa Clara University,1
"University of Maryland, College Park",Syracuse University,1
"University of Maryland, College Park",Hong Kong University of Science and Technology,1
"University of Maryland, College Park",Stanford University,1
"University of Maryland, College Park",Carnegie Mellon University,1
"University of Maryland, College Park",Earlham College,1
"University of Maryland, College Park",Columbia University,1
"University of Maryland, College Park","University of California, Berkeley",1
"University of Maryland, College Park",University of Pennsylvania,1
"University of Maryland, College Park",ICT University,1
"University of Maryland, College Park",New York University,1
"University of Maryland, College Park",Virginia Tech,1
"University of Maryland, College Park",IIT Roorkee,1
"University of Maryland, College Park",University of Central Florida,1
Northwestern University,"University of Maryland, College Park",3
Northwestern University,IIT Kanpur,2
Northwestern University,University of Washington,2
Northwestern University,Georgia Tech,2
Northwestern University,Liberal arts college,1
Northwestern University,Harvard University,3
Northwestern University,Columbia University,1
Northwestern University,Boğaziçi University,1
Northwestern University,"University of California, Los Angeles",2
Northwestern University,Cornell University,2
Northwestern University,University of Illinois Urbana-Champaign,2
Northwestern University,University of Wisconsin–Milwaukee,1
Northwestern University,Chinese University of Hong Kong,1
Northwestern University,"University of California, Riverside",1
Northwestern University,University of Chicago,2
Northwestern University,Northwestern University,8
Northwestern University,Carnegie Mellon University,3
Northwestern University,Massachusetts Institute of Technology,2
Northwestern University,Tufts University,1
Northwestern University,École Polytechnique Fédérale de Lausanne,1
Northwestern University,University of Southern California,1
Northwestern University,University of British Columbia,1
Northwestern University,Dartmouth College,1
Northwestern University,Kellogg School of Management,1
Northwestern University,University of Texas at Austin,2
Northwestern University,Princeton University,1
Northwestern University,North Carolina A&T State University,1
Northwestern University,"University of California, Berkeley School of Information",1
Northwestern University,"University of California, Santa Barbara",1
Northwestern University,University of Minnesota,1
Northwestern University,Boston University,1
Northwestern University,University of Science and Technology of China,1
Northwestern University,Tsinghua University,1
Northwestern University,ETH Zurich,1
Northwestern University,"University of California, Berkeley",1
Northwestern University,University of Massachusetts Dartmouth,1
Paris Diderot University,Northwestern University,1
Georgia Tech,Cornell University,1
Georgia Tech,Georgia Tech,9
Georgia Tech,University of Wisconsin–Madison,4
Georgia Tech,Aristotle University of Thessaloniki,1
Georgia Tech,Brown University,2
Georgia Tech,"Institute of Software, Chinese Academy of Sciences",1
Georgia Tech,KAIST,1
Georgia Tech,National Chiao Tung University,1
Georgia Tech,Middle East Technical University,4
Georgia Tech,Carnegie Mellon University,1
Georgia Tech,Massachusetts Institute of Technology,2
Georgia Tech,University of Cape Town,1
Georgia Tech,Florida International University,1
Georgia Tech,University of Southern California,1
Georgia Tech,Stanford University,1
Georgia Tech,IIT Bombay,2
Georgia Tech,University of Texas at Austin,1
Georgia Tech,Florida A&M University,1
Georgia Tech,Ohio State University,1
Georgia Tech,"University of California, Los Angeles",1
Georgia Tech,RMIT University,1
Georgia Tech,Texas A&M University,1
Liberal arts college,Northwestern University,1
University of Michigan,Northwestern University,1
University of Michigan,University of Michigan,7
University of Michigan,Columbia University,1
University of Michigan,Seaholm High School,1
University of Michigan,University of Texas at Austin,1
University of Michigan,University of Illinois Urbana-Champaign,1
University of Michigan,University of Iowa,1
University of Michigan,IIT Kharagpur,1
University of Michigan,"University of California, Los Angeles",1
University of Michigan,California Institute of Technology,1
University of Michigan,Tsinghua University,1
University of Michigan,"College of Engineering, Guindy",1
University of Michigan,Princeton University,1
University of Southern California,IIT Madras,1
University of Southern California,Georgia Tech,1
University of Southern California,Stanford University,1
University of Southern California,Massachusetts Institute of Technology,1
University of Southern California,University of Tennessee,1
University of Southern California,Carnegie Mellon University,1
University of Southern California,University of Southern California,1
University of Southern California,KTH Royal Institute of Technology,1
University of Southern California,University of Washington,1
University of Southern California,Cornell University,1
University of Southern California,University of Pittsburgh,1
University of Southern California,Grenoble Institute of Technology,1
University of Southern California,Tsinghua University,1
University of Southern California,Indian Institute of Science,1
Shanghai Jiao Tong University,Shanghai Jiao Tong University,1
Texas A&M University,Shanghai Jiao Tong University,1
Texas A&M University,Trinity University (Texas),1
Texas A&M University,Texas A&M University,1
Texas A&M University,University of Illinois Urbana-Champaign,2
Texas A&M University,California Institute of Technology,1
Washington University in St. Louis,Texas A&M University,1
Washington University in St. Louis,Stanford University,1
Washington University in St. Louis,University of Pennsylvania,1
Washington University in St. Louis,California Institute of Technology,1
Washington University in St. Louis,Winthrop University,1
Washington University in St. Louis,Arizona State University,2
Washington University in St. Louis,Washington University in St. Louis,1
Washington University in St. Louis,University of Washington,1
University of Wisconsin–Milwaukee,Washington University in St. Louis,1
National University of Singapore,University of Science and Technology of China,1
National University of Singapore,National University of Singapore,1
National University of Singapore,ETH Zurich,1
National University of Singapore,Nanyang Technological University,1
Singapore Management University,Princeton University,1
Singapore Management University,University of Pennsylvania,1
Singapore Management University,University of Rochester,1
Chinese University of Hong Kong,Singapore Management University,1
Chinese University of Hong Kong,"University of California, Los Angeles",1
"University of California, Riverside","University of California, Berkeley",1
Rice University,Carnegie Mellon University,2
Rice University,Duke University,1
Rice University,Tsinghua University,1
Rice University,Massachusetts Institute of Technology,1
Rice University,Karlsruhe Institute of Technology,1
Rice University,Rice University,2
Rice University,Georgia Tech,1
Rice University,University of Wisconsin–Madison,1
Rice University,Ohio Wesleyan University,1
Rice University,Sharif University of Technology,1
Indiana University Bloomington,Yale University,1
Indiana University Bloomington,Williams College,1
Tufts University,Yale University,1
Tufts University,Carnegie Mellon University,1
Tufts University,University of Cambridge,1
Summer school,Northwestern University,1
Coastal Carolina University,Summer school,1
Polytechnic University of Milan,Polytechnic University of Milan,2
Santa Clara University,Georgia Tech,1
Santa Clara University,"University of California, Berkeley",1
Santa Clara University,Santa Clara University,1
"Birla Institute of Technology and Science, Pilani","St. Columba's School, Delhi",1
"Birla Institute of Technology and Science, Pilani",Junior college,1
Syracuse University,"Birla Institute of Technology and Science, Pilani",1
Syracuse University,University of Delaware,1
Syracuse University,Harvard University,1
Dartmouth College,"University of Maryland, College Park",1
Dartmouth College,Massachusetts Institute of Technology,3
Dartmouth College,Princeton University,2
Dartmouth College,Cornell University,2
Dartmouth College,City University of New York,1
Dartmouth College,"University of California, Santa Barbara",1
Dartmouth College,Dartmouth College,4
Dartmouth College,Gardner–Webb University,1
Dartmouth College,Walden University,1
Dartmouth College,University of Pennsylvania,2
Dartmouth College,Choate Rosemary Hall,1
Dartmouth College,Duke University,1
Dartmouth College,Carnegie Mellon University,2
Dartmouth College,Shanghai Jiao Tong University,1
Dartmouth College,Purdue University,1
Dartmouth College,Indian Institute of Science,1
Dartmouth College,Rice University,1
Dartmouth College,Sharif University of Technology,1
Brown University,Rensselaer Polytechnic Institute,1
Brown University,Brown University,17
Brown University,University of Crete,1
Brown University,IIT Madras,1
Brown University,Massachusetts Institute of Technology,7
Brown University,Duke University,3
Brown University,University of Colorado Boulder,1
Brown University,Stanford University,3
Brown University,"University of Maryland, College Park",1
Brown University,Uppsala University,1
Brown University,University of Washington,1
Brown University,Rice University,1
Brown University,Cornell University,1
Brown University,"University of California, Berkeley",3
Brown University,George Washington University,1
Brown University,University of Southern California,1
Brown University,Sapienza University of Rome,1
Brown University,Johns Hopkins University,1
Brown University,Harvard University,3
Brown University,Boston University,1
Brown University,Yale University,1
Brown University,"Cardinal Newman High School (West Palm Beach, Florida)",1
Brown University,University of Padua,3
Brown University,University of Illinois Urbana-Champaign,1
Brown University,Albert Einstein College of Medicine,1
Brown University,"University of California, San Diego",2
Brown University,New York University,2
Brown University,Park University,1
Brown University,Hebrew University of Jerusalem,1
Brown University,Carnegie Mellon University,1
Brown University,Rutgers University,1
Brown University,Worcester Polytechnic Institute,1
Brown University,Bennington College,1
Kellogg School of Management,Kellogg School of Management,1
Wright State University,University of Washington,1
Wright State University,University of Illinois Urbana-Champaign,2
Zhejiang University,Tsinghua University,1
Zhejiang University,Zhejiang University of Technology,1
"University of California, Berkeley School of Information",Yale University,1
"University of California, Berkeley School of Information","University of California, Berkeley School of Information",1
"University of California, Santa Barbara",Macalester College,1
"University of California, Santa Barbara",Northwestern University,1
"University of California, Santa Barbara",University of Chicago,1
"University of California, Santa Barbara","University of California, Santa Barbara",2
"University of California, Santa Barbara",Peking University,1
Hong Kong University of Science and Technology,Sun Yat-sen University,1
Hong Kong University of Science and Technology,Zhejiang University,1
University of Science and Technology of China,Northwestern University,1
University of Science and Technology of China,Hefei Normal University,1
University of Science and Technology of China,Jilin University,1
New York University,"University of California, Berkeley",1
New York University,Williams College,1
New York University,Stanford University,1
New York University,Purdue University,1
New York University,Massachusetts Institute of Technology,1
New York University,University of Colorado Boulder,1
New York University,Hebrew University of Jerusalem,1
New York University,Brown University,2
New York University,Cornell University,1
University of Southern Denmark,Odense University,1
University of Southern Denmark,Harvard University,1
University of Sussex,Massachusetts Institute of Technology,1
Korea University,University of Sussex,1
University of Toronto,Delft University of Technology,1
University of Toronto,University of Ioannina,1
University of Toronto,University of Toronto,2
University of Toronto,Soka University of America,1
University of Toronto,Massachusetts Institute of Technology,2
University of Toronto,Purdue University,1
University of Toronto,Queen's University,1
University of Toronto,Hebrew University of Jerusalem,1
"Institute of Software, Chinese Academy of Sciences",Nankai University,1
Toyota Technological Institute at Chicago,University at Buffalo,1
KAIST,National Institute of Technology Calicut,1
New Jersey Institute of Technology,Stanford University,1
New Jersey Institute of Technology,University of Pennsylvania,1
Qassim University,New Jersey Institute of Technology,1
The New School,Tel Aviv University,1
Reichman University,Massachusetts Institute of Technology,1
University of Erlangen–Nuremberg,Stanford University,1
Johns Hopkins University,Stanford University,1
Johns Hopkins University,Arizona State University,1
Johns Hopkins University,Chestnut Hill College,1
Johns Hopkins University,Johns Hopkins University,7
Johns Hopkins University,"University of California, Los Angeles",1
Johns Hopkins University,University of Washington,3
Johns Hopkins University,Hebrew University of Jerusalem,1
Johns Hopkins University,"University of Maryland, College Park",2
Johns Hopkins University,University of Edinburgh,2
Johns Hopkins University,Columbia University,1
Johns Hopkins University,York College of Pennsylvania,1
Johns Hopkins University,Yale University,1
Johns Hopkins University,Lehigh University,1
Johns Hopkins University,University of British Columbia,1
Johns Hopkins University,"University of California, San Diego",1
Johns Hopkins University,Carnegie Mellon University,2
Johns Hopkins University,University of Pennsylvania,1
Johns Hopkins University,University of Rochester,1
Johns Hopkins University,"University of California, Berkeley",1
Johns Hopkins University,Zhejiang University,1
Johns Hopkins University,Weizmann Institute of Science,1
Johns Hopkins University,University of Michigan,1
Johns Hopkins University,University of Toronto,1
Johns Hopkins University,IIT Bombay,1
Johns Hopkins University,New York University Grossman School of Medicine,1
Johns Hopkins University,Massachusetts Institute of Technology,1
Johns Hopkins University,Purdue University,1
Technion – Israel Institute of Technology,Technion – Israel Institute of Technology,3
Technion – Israel Institute of Technology,University of Chicago,1
Technion – Israel Institute of Technology,Hebrew University of Jerusalem,1
Technion – Israel Institute of Technology,Stanford University,1
Technion – Israel Institute of Technology,École des ponts ParisTech,1
Hebrew University of Jerusalem,Technion – Israel Institute of Technology,1
Hebrew University of Jerusalem,Stanford University,1
Hebrew University of Jerusalem,Hebrew University of Jerusalem,1
Hebrew University of Jerusalem,Hebrew Reali School,1
University of Tennessee,University of Erlangen–Nuremberg,1
University of Tennessee,University of Illinois Urbana-Champaign,2
University of Edinburgh,Massachusetts Institute of Technology,2
University of Edinburgh,Cornell University,1
University of Edinburgh,Stanford University,2
University of Edinburgh,University of Edinburgh,1
University of Edinburgh,University of the Witwatersrand,2
University of Edinburgh,Vanderbilt University,1
University of Edinburgh,University of Stuttgart,2
University of Edinburgh,Fachhochschule für die Wirtschaft Hannover,1
Vassar College,"University of Maryland, College Park",1
York College of Pennsylvania,Vassar College,1
Lehigh University,Columbia University,1
Lehigh University,Stanford University,1
University of Burgundy,Staffordshire University,1
Simon Fraser University,University of Burgundy,1
Simon Fraser University,Simon Fraser University,1
Kwantlen Polytechnic University,Simon Fraser University,1
University of British Columbia,Kwantlen Polytechnic University,1
University of British Columbia,"Bauhaus University, Weimar",1
University of British Columbia,Western University,1
University of British Columbia,University of British Columbia,2
Peking University,Peking University,1
Peking University,Wesleyan University,1
Peking University,Wuhan University,1
University of Rochester,Calvin University,1
University of Rochester,University of Oregon,1
University of Rochester,University of Pennsylvania,1
University of Rochester,Princeton University,1
Zhejiang University of Technology,Johns Hopkins University,1
Tongji University,Yale University,1
Wesleyan University,Tongji University,1
McGill University,"University of California, Berkeley",1
McGill University,California Institute of Technology,1
McGill University,University of Alberta,1
McGill University,McGill University,1
Olin College,Carnegie Mellon University,1
Soka University of America,Stanford University,1
Indian Institute of Science,National Institute of Technology Karnataka,1
Indian Institute of Science,Jadavpur University,1
Indian Institute of Science,University of Manitoba,1
Indian Institute of Science,"National Institute of Technology, Warangal",1
Indian Institute of Science,Indian Institute of Science,1
Indian Institute of Science,Banaras Hindu University,1
Indian Institute of Science,California Institute of Technology,1
University of Pittsburgh,University of Massachusetts Amherst,1
University of Pittsburgh,Purdue University,1
University of Pittsburgh,New York University,1
University of Pittsburgh,University of Wisconsin–Madison,2
University of Pittsburgh,Xiamen University,1
University of Cyprus,Carnegie Mellon University,1
University of Cyprus,University of Cyprus,1
Flinders University,University of Adelaide,1
Flinders University,Flinders University,1
Clemson University,Flinders University,1
Middle East Technical University,Middle East Technical University,3
Middle East Technical University,Georgia Tech,2
Aalto University,United States Air Force Academy,1
Johannes Kepler University Linz,List of universities in Austria,1
Johannes Kepler University Linz,Carnegie Mellon University,1
Johannes Kepler University Linz,Delft University of Technology,1
Bilkent University,Bursa Technical University,1
University of Miami,Cooper Union,1
University of Minho,Carnegie Mellon University,1
Chatham University,Carnegie Mellon University,2
Babeș-Bolyai University,Carnegie Mellon University,1
Arcadia University,American University,1
Arcadia University,"University of California, Berkeley",1
Thompson Rivers University,Carnegie Mellon University,1
University of Notre Dame,University of Notre Dame,1
University of Notre Dame,"University of California, Irvine",1
Case Western Reserve University,Rice University,1
Case Western Reserve University,Open University,1
Hakuoh University,Carnegie Mellon University,1
ETH Zurich,Technical University of Kaiserslautern,1
ETH Zurich,University of Kansas,1
ETH Zurich,National University of Singapore,1
ETH Zurich,University of Vienna,1
ETH Zurich,University of Sydney,1
Technical University of Kaiserslautern,ETH Zurich,1
Brescia University,Technical University of Kaiserslautern,1
Wang Institute of Graduate Studies,University of Massachusetts Amherst,1
Victoria University of Wellington,Victoria University of Wellington,2
EOI Business School,Charles III University of Madrid,1
University of Deusto,University of Chicago,1
School of the Art Institute of Chicago,University of Chicago,1
Tamil Nadu Veterinary and Animal Sciences University,School of the Art Institute of Chicago,1
University of Colorado Boulder,University of Washington,1
University of Colorado Boulder,Brown University,1
University of Colorado Boulder,Colorado State University,1
University of Colorado Boulder,University of Colorado Boulder,1
University of Colorado Boulder,Washburn University,1
University of Colorado Boulder,University of Iowa,1
University of Cape Town,University of Cape Town,1
ICT University,Georgia Tech,1
Purdue University,Cornell University,1
Purdue University,Tsinghua University,2
Purdue University,Purdue University,4
Purdue University,Johns Hopkins University,1
Purdue University,Ohio State University,1
Purdue University,University of Illinois Urbana-Champaign,1
Purdue University,Illinois Institute of Technology,1
University of Iowa,University of Chicago,1
University of Iowa,University of Iowa,1
University of Iowa,Luther College (Iowa),1
University of Iowa,University of Oxford,1
Ruhr University Bochum,Georgia Tech,1
Kindai University,Rutgers University,1
University of Kansas,University of Science and Technology of China,1
University of San Francisco,"University of California, Los Angeles",1
University of San Francisco,University of San Francisco,1
Marian University (Indiana),"University of California, Berkeley",1
Free University of Berlin,Ulrich von Hutten,1
Free University of Berlin,Free University of Berlin,1
Free University of Berlin,Vanderbilt University,1
Arya College of Engineering & I.T.,"University of California, Berkeley",1
University of Oxford,Cornell University,1
University of Oxford,"University of California, Berkeley",1
University of Oxford,Michigan State University,1
University of Oxford,McGill University,1
University of Oxford,Duke University,1
University of Oxford,Harvard University,1
University of Oxford,University of the Witwatersrand,1
University of Oxford,Princeton University,1
University of Oxford,University of Oxford,1
Private university,"University of California, Berkeley",1
University of California,"University of California, Berkeley",1
University of California,Massachusetts Institute of Technology,1
American University of Science and Technology,"University of California, Berkeley",1
Temple University,American University of Science and Technology,1
École normale supérieure (Paris),Carnegie Mellon University,1
King Abdullah University of Science and Technology,"University of California, Berkeley",1
Stanford Graduate School of Business,Stanford University,1
University of National and World Economy,"University of California, Berkeley",1
University of Delaware,"University of California, Berkeley",1
University of Delaware,Massachusetts Institute of Technology,1
Denison University,University of Illinois Urbana-Champaign,1
Harris–Stowe State University,Harvard University,1
University of Waterloo,University of Waterloo,1
University of Waterloo,Massachusetts Institute of Technology,1
University of Waterloo,Georgia Tech,1
University of Waterloo,Tsinghua University,1
Leipzig University,Massachusetts Institute of Technology,1
SRM Institute of Science and Technology,Massachusetts Institute of Technology,2
Pompeu Fabra University,École Polytechnique Fédérale de Lausanne,1
Chalmers University of Technology,TU Dresden,1
Capital University,Stanford University,2
Rockefeller University,University of Oxford,1
Troy University,Rockefeller University,1
University of Sydney,Carnegie Mellon University,1
Hachinohe Gakuin University,Stanford University,1
Texas Christian University,Stanford University,1
Clarkson University,Georgia Tech,1
Toho University,Stanford University,1
Ritsumeikan University,Stanford University,1
Wellesley College,Harvard University,1
University of Padua,University of Padua,2
University of Padua,Brown University,1
Stanford University School of Medicine,Harvard University,1
Palo Alto University,Massachusetts Institute of Technology,1
Palo Alto University,"University of California, Berkeley",1
Technical University of Munich,École Polytechnique Fédérale de Lausanne,1
Pennsylvania State University,Stanford University,1
Pennsylvania State University,IIT Kharagpur,1
Pennsylvania State University,University of Tennessee,1
Pennsylvania State University,IIT Madras,1
Karlsruhe Institute of Technology,National Technical University of Athens,1
National and Kapodistrian University of Athens,University of Pennsylvania,1
College of Staten Island,College of Staten Island,1
George Washington University,College of Staten Island,1
George Washington University,George Washington University,2
George Washington University,Harvard Law School,1
Wharton School of the University of Pennsylvania,Swarthmore College,1
UCLA Anderson School of Management,Harvard University,1
Northwestern University Pritzker School of Law,UCLA Anderson School of Management,1
Vanderbilt University,Northwestern University Pritzker School of Law,1
Vanderbilt University,Georgia Tech,2
Vanderbilt University,Tennessee Technological University,1
Vanderbilt University,Vanderbilt University,13
Vanderbilt University,Budapest University of Technology and Economics,2
Vanderbilt University,Rochester Institute of Technology,1
Vanderbilt University,University of Pennsylvania,2
Vanderbilt University,University of Arizona,4
Vanderbilt University,École normale supérieure de Lyon,1
Vanderbilt University,University of Illinois Urbana-Champaign,1
Vanderbilt University,Stanford University,2
Vanderbilt University,Indian Institute of Technology (BHU) Varanasi,1
Vanderbilt University,York University,1
Vanderbilt University,Harvard University,1
Vanderbilt University,Pennsylvania State University,1
Vanderbilt University,University of Tennessee,1
Vanderbilt University,Cornell University,1
Vanderbilt University,University of Michigan,2
Vanderbilt University,Newberry College,1
Vanderbilt University,Northwestern University,1
Vanderbilt University,Beijing University of Posts and Telecommunications,1
Vanderbilt University,National Technical University of Athens,1
Vanderbilt University,Johns Hopkins University,1
Vanderbilt University,Washington University in St. Louis,1
Vanderbilt University,Tennessee State University,1
Vanderbilt University,Santa Clara University,1
Vanderbilt University,Bethel University (Indiana),1
Vanderbilt University,North Carolina State University,1
Vanderbilt University,Brown University,1
Vanderbilt University,Virginia Tech,2
Vanderbilt University,University of Alberta,1
Vanderbilt University,University of Florida,1
Vanderbilt University,IIT Delhi,1
Vanderbilt University,Carnegie Mellon University,1
Vanderbilt University,Purdue University,1
Vanderbilt University,Ohio State University,1
Vanderbilt University,University of Edinburgh,1
Vanderbilt University,Singapore Management University,1
Vanderbilt University,"University of California, Irvine",1
Drexel University,University of Pennsylvania,1
New York University Grossman School of Medicine,Wellesley College,1
Albert Einstein College of Medicine,University of Pennsylvania,1
Albert Einstein College of Medicine,Pritzker School of Medicine,1
Czech Technical University in Prague,Charles University,1
Virginia Tech,Duke University,1
Virginia Tech,Veermata Jijabai Technological Institute,1
Virginia Tech,Vanderbilt University,1
Virginia Tech,Auburn University,1
Stevens Institute of Technology,Stevens Institute of Technology,1
Stevens Institute of Technology,University of Pennsylvania,1
Stevens Institute of Technology,Carnegie Mellon University,1
IIT Delhi,University of Pennsylvania,1
IIT Delhi,University of St. Thomas (Minnesota),1
Washburn University,University of Colorado Boulder,1
Indiana University,University of Pennsylvania,1
Nanyang Technological University,"Birla Institute of Technology and Science, Pilani",1
Nanyang Technological University,Massachusetts Institute of Technology,1
Nanyang Technological University,Nanyang Technological University,1
Wilberforce University,University of Pennsylvania,1
Worcester Polytechnic Institute,Columbia University,1
Worcester Polytechnic Institute,Indiana University Bloomington,1
Worcester Polytechnic Institute,Worcester Polytechnic Institute,1
"Teachers College, Columbia University",Worcester Polytechnic Institute,1
University of Bremen,Duke University,1
Central China Normal University,Central China Normal University,1
University College London,Columbia University,1
University College London,Imperial College London,1
University College London,University of London,1
University College London,University College London,1
University College London,Princeton University,1
Utah State University,Duke University,1
Saint Vincent College,"University of California, Berkeley",1
North Carolina State University,Johnson C. Smith University,1
North Carolina State University,North Carolina State University,3
North Carolina State University,Duke University,1
North Carolina State University,PES University,1
Howard University,North Carolina State University,1
Winthrop University,Howard University,1
Emory University,Duke University,1
"University of California, Santa Cruz","University of California, Santa Cruz",1
"University of California, Santa Cruz",University of Washington,2
University of Oregon,University of Washington,1
Technical University of Madrid,University of Pennsylvania,1
Missouri University of Science and Technology,Massachusetts Institute of Technology,1
Rensselaer Polytechnic Institute,Tufts University,1
Daido University,Massachusetts Institute of Technology,1
MIT Sloan School of Management,Massachusetts Institute of Technology,1
Kyushu University,ETH Zurich,1
Cranfield University,Cornell University,1
Cranfield University,Technical University of Madrid,1
Max Planck Institute for Intelligent Systems,University of Texas at Austin,1
University of Florida,Fudan University,1
University of Florida,Cornell University,1
University of Florida,Virginia Tech,1
Harvard Medical School,Massachusetts Institute of Technology,1
Harvard Medical School,"University of California, Santa Cruz",1
École des ponts ParisTech,Massachusetts Institute of Technology,1
École des ponts ParisTech,École Polytechnique,1
École des ponts ParisTech,École Polytechnique Fédérale de Lausanne,1
Johnson University,Massachusetts Institute of Technology,1
Elmhurst University,Massachusetts Institute of Technology,1
Harvard–MIT Program in Health Sciences and Technology,Massachusetts Institute of Technology,1
CEU Cardinal Herrera University,Massachusetts Institute of Technology,1
Toyota Technological Institute,Massachusetts Institute of Technology,1
Open University,Massachusetts Institute of Technology,1
IIT Madras,Kendriya Vidyalaya,1
IIT Madras,University of Calicut,1
Trinity University (Texas),Massachusetts Institute of Technology,1
City University of New York,New York University,1
City University of New York,Carnegie Mellon University,1
Gardner–Webb University,Dartmouth College,1
Walden University,New York University,1
University of Manitoba,Dartmouth College,1
Bangladesh University of Engineering and Technology,University of Virginia,1
Murray State University,Dartmouth College,1
United States Navy Strike Fighter Tactics Instructor program,Cornell University,1
Rochester Institute of Technology,University of Rochester,1
Oregon State University,Vanderbilt University,1
Oregon State University,University of Illinois Urbana-Champaign,1
University of Arizona,Georgia Tech,1
University of Arizona,University of Minnesota,1
University of Arizona,University of Colorado Boulder,1
University of Arizona,Stanford University,1
University of Toulouse,Nanyang Technological University,1
École normale supérieure de Lyon,University of Toulouse,1
Western University,Radboud University Nijmegen,1
York University,Western University,1
Budapest University of Technology and Economics,Budapest University of Technology and Economics,1
Florida State University,University of North Carolina at Chapel Hill,1
Newberry College,University of North Carolina at Chapel Hill,1
University of Massachusetts Dartmouth,University of Virginia,1
Arizona State University,MIT World Peace University,1
Arizona State University,Washington University in St. Louis,1
Arizona State University,Stevens Institute of Technology,1
Arizona State University,Chaparral High School (Arizona),1
Arizona State University,"University of California, Berkeley",1
Arizona State University,City University of New York,1
Arizona State University,Columbia University,1
IIT Kharagpur,Government College of Engineering & Textile Technology Serampore,1
IIT Kharagpur,IIT Kharagpur,1
IIT Kharagpur,Birla High School,1
Tennessee State University,IIT Kharagpur,1
IGlobal University,Vanderbilt University,1
United States Naval Academy,Vanderbilt University,1
Bethel University (Indiana),United States Naval Academy,1
University of Alberta,University of Alberta,2
University of Alberta,Sharif University of Technology,1
Auburn University,Auburn University,1
University of Tennessee at Chattanooga,Vanderbilt University,1
Carleton College,Shattuck-Saint Mary's,1
Idaho State University,University of Illinois Urbana-Champaign,1
Western Governors University,University of Illinois Urbana-Champaign,1
University at Buffalo,"University of Maryland, College Park",1
University of Texas at Dallas,University of Texas at Dallas,1
University of Illinois College of Law,Purdue University,1
University of Moratuwa,Massachusetts Institute of Technology,1
Lancaster University,University of Cambridge,1
Lancaster University,Lancaster University,1
University of Nottingham,University of Illinois Urbana-Champaign,1
Uniformed Services University of the Health Sciences,University of Wisconsin–Madison,1
Newcastle University,University of Sussex,1
Newcastle University,Newcastle University,2
Newcastle University,University of Illinois Urbana-Champaign,1
Galvanize (software company),University of Texas at Austin,1
Louisiana State University,Northwestern University,1
Louisiana State University,Cardiff University,1
University of Illinois Chicago,Aurora University,1
Harvey Mudd College,"University of California, Berkeley",1
Cardiff University,University of Cambridge,1
University of Wyoming,University of Illinois Urbana-Champaign,1
University of Stuttgart,University of Pennsylvania,1
Sharif University of Technology,Sharif University of Technology,1
Oklahoma State University–Stillwater,Georgia Tech,1
Oklahoma State University–Stillwater,Oklahoma State University–Stillwater,1
Portland State University,Portland State University,5
Illinois Institute of Technology,Wright State University,1
Horace H. Rackham School of Graduate Studies,Seoul National University,1
Horace H. Rackham School of Graduate Studies,Horace H. Rackham School of Graduate Studies,1
Federal University of Minas Gerais,Federal University of Minas Gerais,2
Iowa State University,Massachusetts Institute of Technology,1
Embry–Riddle Aeronautical University,California Institute of Technology,1
University of Ottawa,Moscow Institute of Physics and Technology,1
Harvard Law School,Dartmouth College,1
Sapienza University of Rome,Dartmouth College,1
Technical University of Dortmund,Brown University,1
University of Central Florida,Brown University,1
University of Rhode Island,Georgetown University,1
Delft University of Technology,University of Edinburgh,1
Delft University of Technology,Delft University of Technology,1
Amherst College,Brown University,1
Eötvös Loránd University,Brown University,1
Urbana University,Eötvös Loránd University,1
Park University,Massachusetts Institute of Technology,1
Max Planck Institute for Informatics,University of Michigan,1
Bennington College,Brown University,1
University of Tokyo,University of Tokyo,1
George Mason University,Princeton University,1
Friends University,George Mason University,1
Tusculum University,Princeton University,1
Chadron State College,University of Illinois Urbana-Champaign,1
Phillips University,University of Illinois Urbana-Champaign,1
Phillips University,Phillips University,1
La Roche University,Stanford University,1
Sogang University,"University of California, Berkeley",1
Oregon Health & Science University,University of Illinois Urbana-Champaign,1
University of Canterbury,University of Washington,1
Saxion University of Applied Sciences,Stanford University,1
Technical University of Košice,University of Pittsburgh,1
University of Bonn,University of Bonn,1
Air Force Institute of Technology,Massachusetts Institute of Technology,1
Texas Tech University,University of Washington,1
Gallaudet University,University of Washington,1
Jiwaji University,University of Washington,1
Michigan State University,Jiwaji University,1
"University of Natural Resources and Life Sciences, Vienna",Michigan State University,1
